iter	Logloss
0	0.6546697736
1	0.6282628943
2	0.6094036909
3	0.5892805235
4	0.5722431765
5	0.5573637261
6	0.5422242409
7	0.5268031056
8	0.519089665
9	0.5089312099
